id,sponsor
NCT05174637,Fudan-Zhangjiang
NCT03489525,MedImmune
NCT04829604,Ambrx
NCT05156866,TORL Biotherapeutics
NCT05156866,Translational Research in Oncology
NCT01414283,Progenics Pharmaceuticals
NCT01414296,Progenics Pharmaceuticals
NCT01695044,Progenics Pharmaceuticals
NCT04681131,BioAtla
NCT04329429,RemeGen
NCT04073602,RemeGen
NCT04132960,DAIICHI SANKYO
NCT04132960,UNICANCER
NCT02988817,Genmab
NCT03504488,BioAtla
NCT05205850,RemeGen
NCT06014658,MBrace Therapeutics
NCT02020135,Progenics Pharmaceuticals
NCT04695847,EMD Serono
NCT04695847,"Merck KGaA, Darmstadt, Germany"
NCT03255070,Ambrx
NCT04240704,Novartis
NCT03425279,BioAtla
NCT04064359,Oxford BioTherapeutics
NCT02001623,Genmab
NCT02001623,Seagen
NCT04617314,RemeGen
NCT05564858,Fudan-Zhangjiang
NCT06440005,Angiex
NCT05011188,Fortis Therapeutics
NCT05996952,RemeGen
NCT06234423,OnCusp Therapeutics
NCT04316442,Sorrento Therapeutics
NCT04662580,Ambrx
NCT04662580,Johnson & Johnson
NCT06457997,Pheon Therapeutics
NCT04152499,KLUS
NCT04400695,RemeGen
NCT05103683,TORL Biotherapeutics
NCT05103683,Translational Research in Oncology
NCT05217693,Bliss (Hangzhou)
NCT05308225,Sorrento Therapeutics
NCT04610528,DAIICHI SANKYO
NCT06198751,Chiatai Tianqing
NCT05297552,RemeGen
NCT04202705,Byondis
NCT05323045,Byondis
NCT05514158,RemeGen
NCT05135715,RemeGen
NCT05941507,AntibodyChem Biosciences
NCT05941507,Legochem
NCT02874664,Stemcentrx
NCT05527184,IMMUNOGEN
NCT02881138,RemeGen
NCT03366428,AstraZeneca
NCT03366428,DAIICHI SANKYO
NCT02552121,Genmab
NCT02552121,Seagen
NCT02674568,AbbVie
NCT05745740,RemeGen
NCT06210815,Shanghai Henlius
NCT05565807,Zhejiang ACEA Pharmaceutical Co. Ltd
NCT06005740,TORL Biotherapeutics
NCT06005740,Translational Research in Oncology
NCT04965519,RemeGen
NCT02881190,RemeGen
NCT06452706,Chiatai Tianqing
NCT06431490,Chiatai Tianqing
NCT06038396,RemeGen
NCT03507166,RemeGen
NCT03556345,RemeGen
NCT05367635,Sichuan Kelun
NCT05460273,AstraZeneca
NCT05460273,DAIICHI SANKYO
NCT05525286,SOTIO Bio
NCT05652855,Minghui Pharmaceutical (Hangzhou) Ltd
NCT03809013,RemeGen
NCT01807598,Seagen
NCT06384807,Biohaven
NCT05320588,BiOneCure Therapeutics Inc
NCT06115642,Shanghai Henlius
NCT06115902,Chiatai Tianqing
NCT03052634,RemeGen
NCT02277717,Byondis
NCT03748186,Sutro Biopharma
NCT05652868,Mythic Therapeutics
NCT04280341,RemeGen
NCT00031187,Seagen
NCT03248492,AstraZeneca
NCT03248492,DAIICHI SANKYO
NCT03505710,AstraZeneca
NCT03505710,DAIICHI SANKYO
NCT03725761,GILEAD
NCT01432275,Abbott Diabetes Care
NCT06265727,CSPC Pharmaceutical Group
NCT06265727,Corbus
NCT06263543,GILEAD
NCT06155396,RemeGen
NCT05584709,Sorrento Therapeutics
NCT00126646,MedImmune
NCT05980481,RemeGen
NCT05943379,RemeGen
NCT04868344,Shanghai Miracogen
NCT06224855,"Hangzhou DAC Biotechnology Co., Ltd"
NCT05914545,Fudan-Zhangjiang
NCT03682796,Triphase Accelerator Corporation
NCT03368196,AstraZeneca
NCT03368196,DAIICHI SANKYO
NCT03650491,Fortis Therapeutics
NCT03575819,Fortis Therapeutics
NCT05866354,Zai Lab (Shanghai)
NCT03384940,AstraZeneca
NCT03384940,DAIICHI SANKYO
NCT05464030,EMD Serono
NCT05464030,"Merck KGaA, Darmstadt, Germany"
NCT05797168,AstraZeneca
NCT03500380,RemeGen
NCT05302284,RemeGen
NCT06105008,RemeGen
NCT05751512,Shanghai Miracogen
NCT04965766,DAIICHI SANKYO
NCT03602079,KLUS
NCT04925284,Exelixis
NCT06238479,Eli Lilly
NCT06238479,Loxo Oncology
NCT01497821,Amgen
NCT03734029,AstraZeneca
NCT03734029,DAIICHI SANKYO
NCT04924699,Shanghai Miracogen
NCT06224673,Ambrx
NCT03677596,Pfizer
NCT05126719,Shanghai Miracogen
NCT04838964,Shanghai Miracogen
NCT06048718,DAIICHI SANKYO
NCT06048718,MedSIR
NCT04843709,Shanghai Miracogen
NCT05688605,Shanghai Miracogen
NCT04742153,Shanghai Miracogen
NCT05293496,MacroGenics
NCT04940325,DAIICHI SANKYO
NCT04235101,Byondis
NCT02564900,AstraZeneca
NCT02564900,DAIICHI SANKYO
NCT04714190,RemeGen
NCT04300556,Bristol Myers Squibb
NCT04300556,Eisai
NCT01439152,Bayer
NCT05338957,Shanghai Miracogen
NCT05872295,Iksuda
NCT05754853,Shanghai Miracogen
NCT04311034,RemeGen
NCT05865990,DAIICHI SANKYO
NCT05865990,MedSIR
NCT05950945,AstraZeneca
NCT05950945,DAIICHI SANKYO
NCT05280470,DAIICHI SANKYO
NCT05280470,Merck Sharp & Dohme
NCT05276609,Shanghai Hansoh Biomedical
NCT05800366,Genentech
NCT06465069,Eli Lilly
NCT06465069,Loxo Oncology
NCT04887870,Mirati Therapeutics
NCT03894150,Fudan-Zhangjiang
NCT05748171,Pfizer
NCT04410224,Kirilys Therapeutics
NCT03383692,AstraZeneca
NCT03383692,DAIICHI SANKYO
NCT06112704,Shanghai Hansoh Biomedical
NCT02565758,AbbVie
NCT00052000,Millennium
NCT00070837,Millennium
NCT04042701,AstraZeneca
NCT04042701,DAIICHI SANKYO
NCT04042701,Merck Sharp & Dohme
NCT05410418,Genentech
NCT00258856,Sanofi
NCT06203210,DAIICHI SANKYO
NCT06203210,Merck Sharp & Dohme
NCT04142242,Sanofi
NCT01856933,Progenics Pharmaceuticals
NCT03953833,Shanghai Pharmaceuticals Holding
NCT05887609,IMMUNOGEN
NCT06132958,GOG Foundation
NCT06132958,Merck Sharp & Dohme
NCT05755048,Shanghai Fosun
NCT06244485,DAIICHI SANKYO
NCT04205630,Byondis
NCT00071955,Genitope Corporation
NCT01577758,Millennium
NCT03529110,AstraZeneca
NCT03529110,DAIICHI SANKYO
NCT04175847,RemeGen
NCT00856297,GlaxoSmithKline
NCT00856297,Novartis
NCT01396070,Seagen
NCT04878029,Exelixis
NCT01631552,GILEAD
NCT03424603,Sutro Biopharma
NCT06107686,MediLink
NCT06057922,MediLink
NCT05991388,ADC Therapeutics
NCT05991388,Regeneron
NCT05434234,MediLink
NCT00148824,Pfizer
NCT00148824,WYETH
NCT04494425,AstraZeneca
NCT04494425,DAIICHI SANKYO
NCT04622774,IMMUNOGEN
NCT04622774,MacroGenics
NCT02952729,Mersana
NCT03386513,IMMUNOGEN
NCT02567851,Millennium
NCT05143229,GILEAD
NCT05143229,Novartis
NCT01026038,Pfizer
NCT00743652,Pfizer
NCT04587687,Seagen
NCT05200364,Sutro Biopharma
NCT03316638,Pierre Fabre
NCT06235216,GILEAD
NCT06235216,MFAR
NCT05613088,Bristol Myers Squibb
NCT05613088,Eisai
NCT04036461,Celgene
NCT01847781,Pfizer
NCT05405621,Bio thera Solutions
NCT06188559,Bliss (Hangzhou)
NCT06188559,Eisai
NCT05629585,AstraZeneca
NCT05629585,DAIICHI SANKYO
NCT03281824,Alteogen
NCT01475006,Amgen
NCT05838521,GILEAD
NCT04647916,GILEAD
NCT05980416,Elevation Oncology
NCT04982224,Regeneron
NCT04644068,AstraZeneca
NCT05940896,RemeGen
NCT04251416,GILEAD
NCT04039230,Pfizer
NCT04450732,"GeneQuantum (Suzhou, China)"
NCT05948826,TORL Biotherapeutics
NCT05948826,Translational Research in Oncology
NCT01270698,GILEAD
NCT02529553,Eli Lilly
NCT04278144,Bolt
NCT04278144,Bristol Myers Squibb
NCT05399654,Tallac Therapeutics
NCT06154343,"GeneQuantum (Suzhou, China)"
NCT05489211,AstraZeneca
NCT05489211,DAIICHI SANKYO
NCT06238687,Sutro Biopharma
NCT06238687,"Tasly Pharmaceutical Group Co., Ltd"
NCT06373406,Minghui Pharmaceutical (Hangzhou) Ltd
NCT06036121,Adcentrx
NCT03159117,Pfizer
NCT04538742,AstraZeneca
NCT04538742,DAIICHI SANKYO
NCT06106152,Westlake Therapeutics
NCT03260491,DAIICHI SANKYO
NCT06480240,OBI Pharma
NCT06413615,Fudan-Zhangjiang
NCT02606305,IMMUNOGEN
NCT06362252,DAIICHI SANKYO
NCT06362252,Merck Sharp & Dohme
NCT04434040,Genentech
NCT06074588,Merck Sharp & Dohme
NCT04189614,AbbVie
NCT04189614,Pfizer
NCT04724018,GILEAD
NCT02822586,Seagen
NCT02631876,IMMUNOGEN
NCT05498597,Multitude
NCT05374512,AstraZeneca
NCT05374512,DAIICHI SANKYO
NCT05775471,Merck Sharp & Dohme
NCT05775471,Seagen
NCT05701527,"EDDC (Experimental Drug Development Centre), A*STAR Research Entities"
NCT03696771,Novartis
NCT06028932,GILEAD
NCT03023722,Bayer
NCT04595565,GILEAD
NCT04595565,UNICANCER
NCT05445778,GOG Foundation
NCT05445778,IMMUNOGEN
NCT05271604,BioAtla
NCT03543813,CytomX
NCT06298058,Shanghai Institute Of Biological Products
NCT05867563,Chiatai Tianqing
NCT03245736,Genmab
NCT03245736,Seagen
NCT05798156,Roche
NCT05653271,Acepodia Biotech
NCT02099058,AbbVie
NCT00674947,Biogen
NCT05965479,AstraZeneca
NCT05965479,Natera
NCT00624819,GlaxoSmithKline
NCT06100874,GILEAD
NCT02073487,Celgene
NCT02073487,Novartis
NCT03737955,Pfizer
NCT05622890,Hangzhou Zhongmei Huadong
NCT04143711,Dragonfly
NCT06176261,DAIICHI SANKYO
NCT01125527,Novartis
NCT01060904,Millennium
NCT01060904,Seagen
NCT02485119,Bayer
NCT05123482,AstraZeneca
NCT04296890,IMMUNOGEN
NCT04014075,AstraZeneca
NCT04014075,DAIICHI SANKYO
NCT06415487,Acepodia Biotech
NCT03835819,IMMUNOGEN
NCT03835819,Merck Sharp & Dohme
NCT05547321,Oncomatryx
NCT04822337,Amgen
NCT04822337,GlaxoSmithKline
NCT02980341,DAIICHI SANKYO
NCT06219941,AstraZeneca
NCT05735496,Chiatai Tianqing
NCT04556773,AstraZeneca
NCT04556773,DAIICHI SANKYO
NCT06233942,BeiGene
NCT00947856,Millennium
NCT00947856,Seagen
NCT06359002,Byondis
NCT06336707,Shanghai Hansoh Biomedical
NCT06003231,Seagen
NCT06422520,BeiGene
NCT01472887,Sanofi
NCT06112379,AstraZeneca
NCT06112379,DAIICHI SANKYO
NCT01470456,Sanofi
NCT05804864,Xuanzhu Biopharm
NCT06303505,Tubulis
NCT04246047,GlaxoSmithKline
NCT05535244,Roche
NCT00891176,GlaxoSmithKline
NCT06103864,AstraZeneca
NCT06103864,DAIICHI SANKYO
NCT06147037,AstraZeneca
NCT06147037,Fusion Pharmaceuticals Inc
NCT06429761,AstraZeneca
NCT05104866,AstraZeneca
NCT05104866,DAIICHI SANKYO
NCT05609968,GILEAD
NCT05609968,Merck Sharp & Dohme
NCT03724747,Bayer
NCT02884726,Bristol Myers Squibb
NCT03856541,Jiangsu HengRui Medicine
NCT05687266,AstraZeneca
NCT01100502,Millennium
NCT01100502,Seagen
NCT05456685,IMMUNOGEN
NCT00848926,Millennium
NCT00848926,Seagen
NCT04879329,Merck Sharp & Dohme
NCT04879329,Seagen
NCT03828292,GlaxoSmithKline
NCT05922501,GlaxoSmithKline
NCT05922501,Sanofi
NCT04147819,Bayer
NCT06014190,Shanghai Hansoh Biomedical
NCT06227117,RemeGen
NCT05425550,Palleos Healthcare GmbH
NCT05425550,mobile Health AG
NCT01874054,Seagen
NCT06397768,Sanofi
NCT01026415,Millennium
NCT01026415,Seagen
NCT06161025,DAIICHI SANKYO
NCT06161025,Merck Sharp & Dohme
NCT01712490,Seagen
NCT01712490,Takeda
NCT06178159,RemeGen
NCT01224821,GlaxoSmithKline
NCT05169658,Genentech
NCT02572167,Bristol Myers Squibb
NCT02572167,Seagen
NCT03657043,Genmab
NCT03657043,Seagen
NCT03544281,GlaxoSmithKline
NCT02724163,Pfizer
NCT05948865,Conjupro Biotherapeutics
NCT03474107,Astellas
NCT03474107,Seagen
NCT04484623,GlaxoSmithKline
NCT00322049,GlaxoSmithKline
NCT03262935,Byondis
NCT03523585,AstraZeneca
NCT03523585,DAIICHI SANKYO
NCT04639986,GILEAD
NCT04487756,Roche
NCT02326584,Seagen
NCT05647122,AstraZeneca
NCT05279300,CStone Pharmaceuticals
NCT06400472,Eli Lilly
NCT06400472,Loxo Oncology
NCT04381832,Arcus
NCT04381832,GILEAD
NCT05954143,Bolt
NCT05954143,Roche
NCT04786847,Telix Pharmaceuticals
NCT05327530,EMD Serono
NCT05327530,GILEAD
NCT05327530,"Merck KGaA, Darmstadt, Germany"
NCT05327530,Nektar Therapeutics
NCT05149768,Seagen
NCT01969643,Seagen
NCT01826877,GILEAD
NCT06043674,Genentech
NCT05494918,Alphamab Oncology
NCT01026233,Millennium
NCT01026233,Seagen
NCT05577715,Bristol Myers Squibb
NCT05577715,Eisai
NCT05870748,GOG Foundation
NCT05870748,Sutro Biopharma
NCT01716806,Bristol Myers Squibb
NCT01716806,Seagen
NCT03525678,GlaxoSmithKline
NCT00866047,Millennium
NCT00866047,Seagen
NCT05581589,GILEAD
NCT05756569,Astellas
NCT05756569,Merck Sharp & Dohme
NCT05756569,Seagen
NCT02038010,Novartis
NCT06241898,Bliss (Hangzhou)
NCT05064358,GlaxoSmithKline
NCT00430846,Seagen
NCT01902329,Seagen
NCT05313243,Merck Sharp & Dohme
NCT03198689,Seagen
NCT02064387,GlaxoSmithKline
NCT05633615,Genentech
NCT06439771,MediLink
NCT04686305,AstraZeneca
NCT04686305,DAIICHI SANKYO
NCT01309789,Millennium
NCT01309789,Seagen
NCT02581878,Bayer
NCT01015911,Seagen
NCT00772070,Sanofi
NCT05628857,RemeGen
NCT05911295,Merck Sharp & Dohme
NCT05911295,RemeGen
NCT05911295,Seagen
NCT01796171,Nordic Nanovector
NCT05511844,"Orum Therapeutics USA, Inc"
NCT03438396,Genmab
NCT03438396,Seagen
NCT01909934,Takeda
NCT05764954,NovoCure Ltd
NCT06157892,RemeGen
NCT06157892,Seagen
NCT01777152,Millennium
NCT01777152,Seagen
NCT01166490,Agensys
NCT01166490,Seagen
NCT06464055,"GeneQuantum (Suzhou, China)"
NCT06365853,IMMUNOGEN
NCT05041257,IMMUNOGEN
NCT00198380,AstraZeneca
NCT06144723,Shanghai Hansoh Biomedical
NCT01997333,Celldex
NCT04209855,IMMUNOGEN
NCT06039202,"Holy Stone Healthcare Co., Ltd"
NCT01421667,Seagen
NCT01461538,Seagen
NCT05135273,Novavax
NCT04177823,GlaxoSmithKline
NCT05263479,Shanghai Hansoh Biomedical
NCT01950364,Millennium
NCT01786096,Seagen
NCT02216890,Seagen
NCT04207190,Pfizer
NCT05575804,"GeneQuantum (Suzhou, China)"
NCT03219333,Astellas
NCT03219333,Seagen
NCT04086264,IMMUNOGEN
NCT06106945,AstraZeneca
NCT02227199,Seagen
NCT06340568,BioNTech
NCT06340568,Duality Biologics
NCT06034275,"Vincerx Pharma, Inc"
NCT06195709,Zionexa
NCT03698552,ADC Therapeutics
NCT06034470,IMMUNOGEN
NCT01983540,Sanofi
NCT02610348,Sanofi
NCT02573324,AbbVie
NCT02573324,Radiation Therapy Oncology Group
NCT04946370,Merck Sharp & Dohme
NCT00654901,Sanofi
NCT01786135,Seagen
NCT03786081,GOG Foundation
NCT03786081,Genmab
NCT03786081,Merck Sharp & Dohme
NCT03786081,Seagen
NCT03284723,Pfizer
NCT01590966,UCB Pharma
NCT03288545,Astellas
NCT03288545,Merck Sharp & Dohme
NCT03288545,Seagen
NCT01990534,Millennium
NCT05350917,BeiGene
NCT05350917,Jiangsu HengRui Medicine
NCT05350917,RemeGen
NCT02222922,Pfizer
NCT00861744,GlaxoSmithKline
NCT06123494,Jiangsu HengRui Medicine
NCT00012064,Lisata Therapeutics
NCT01444781,Sanofi
NCT05702229,AstraZeneca
NCT02343406,AbbVie
NCT00051571,Seagen
NCT06065371,GILEAD
NCT02340208,Helix BioPharma
NCT02340208,Pharm-Olam International
NCT04592419,Kodiak Sciences
NCT00356408,UCB Pharma
NCT05579366,ProfoundBio
NCT02677155,Merck Sharp & Dohme
NCT04203641,Helix BioPharma
NCT04203641,Theradex
NCT05283330,Orano Med LLC
NCT04964089,Kodiak Sciences
NCT05600686,ADC Therapeutics
NCT05627960,A&G
NCT01825317,Neuronix Ltd
NCT01825317,company: K The Power
NCT01280552,Precision Life Sciences Group
NCT05261750,PT. Prodia Stem Cell Indonesia
NCT03743298,Aivita Biomedical
NCT00377715,Medivation
NCT00777608,Merck Sharp & Dohme
NCT02049489,Precision Life Sciences Group
NCT03531918,Pfizer
NCT04690387,Aivita Biomedical
NCT04690387,PT AIVITA Biomedika Indonesia
NCT00086333,Seagen
NCT02771340,Iconic
NCT01068509,Prima BioMed Ltd
NCT05100641,Aivita Biomedical
NCT04834544,SOTIO Bio
NCT01617629,Prima BioMed Ltd
NCT04160494,Genentech
NCT04160494,Istari Oncology
NCT03543358,AbbVie
NCT03610360,Amphera BV
NCT03610360,TMC Pharma
NCT05007496,Aivita Biomedical
NCT05007496,PT AIVITA Biomedika Indonesia
NCT00815607,Alaunos Therapeutics
NCT04744831,AstraZeneca
NCT04744831,DAIICHI SANKYO
NCT02358889,Iconic
NCT00420888,Active Biotech AB
NCT06477419,GILEAD
NCT06390995,Takeda
NCT06378242,RemeGen
NCT06329869,GILEAD
NCT06248515,GILEAD
NCT06238921,GILEAD
NCT06227156,RemeGen
NCT06174987,AstraZeneca
NCT06174987,DAIICHI SANKYO
NCT06167317,GILEAD
NCT06133517,Apices Soluciones S.L
NCT06123468,GILEAD
NCT05884320,GILEAD
NCT05833867,GILEAD
NCT05833867,Varian Inc
NCT05552001,GILEAD
NCT05552001,UNICANCER
NCT05260957,Genentech
NCT05119907,GILEAD
NCT05113966,G1 Therapeutics
NCT05101096,GILEAD
NCT04617522,GILEAD
NCT04454437,GILEAD
NCT03995706,GILEAD
NCT03964727,GILEAD
NCT03832361,IMMUNOGEN
NCT03677154,Roche
NCT03329690,AstraZeneca
NCT03329690,DAIICHI SANKYO
NCT03086239,AbbVie
NCT02991911,MedImmune
NCT02576548,MedImmune
NCT06401824,GILEAD
NCT02175433,Astellas
NCT02171143,Astellas
NCT02150070,Astellas
NCT02140125,Astellas
NCT02125435,Astellas
NCT02052375,Astellas
NCT01901653,Stemcentrx
NCT01741727,AbbVie
NCT01638936,BioTest
NCT01485588,Iconic
NCT01335958,Genentech
NCT01001442,BioTest
NCT00944905,Bristol Myers Squibb
NCT00071539,Teva
NCT00056537,Active Biotech AB
NCT03000257,AbbVie
NCT05520723,GILEAD
NCT05520723,MedSIR
NCT06271837,AstraZeneca
NCT06271837,DAIICHI SANKYO
NCT06172127,MedSIR
NCT06172127,Roche
NCT06071871,Roche
NCT06058988,AstraZeneca
NCT05982678,AstraZeneca
NCT05982678,DAIICHI SANKYO
NCT05957757,BeiGene
NCT05957757,RemeGen
NCT05795101,AstraZeneca
NCT05795101,DAIICHI SANKYO
NCT05765851,AstraZeneca
NCT05765851,DAIICHI SANKYO
NCT05744375,AstraZeneca
NCT05704829,AstraZeneca
NCT05633979,DAIICHI SANKYO
NCT05246514,AstraZeneca
NCT05246514,DAIICHI SANKYO
NCT05034887,DAIICHI SANKYO
NCT01829711,MedImmune
NCT04989816,AstraZeneca
NCT04989816,DAIICHI SANKYO
NCT04986579,AstraZeneca
NCT04986579,DAIICHI SANKYO
NCT04986579,Eisai
NCT04986579,GILEAD
NCT04986579,Paxman Coolers Limited
NCT04970901,ADC Therapeutics
NCT04784715,AstraZeneca
NCT04784715,DAIICHI SANKYO
NCT04752059,DAIICHI SANKYO
NCT04739761,AstraZeneca
NCT04739761,DAIICHI SANKYO
NCT04644237,AstraZeneca
NCT04644237,DAIICHI SANKYO
NCT04639219,AstraZeneca
NCT04639219,DAIICHI SANKYO
NCT04482309,AstraZeneca
NCT04482309,DAIICHI SANKYO
NCT04420598,DAIICHI SANKYO
NCT04420598,MedSIR
NCT01030536,MedImmune
NCT00659425,MedImmune
NCT00586924,Cambridge Antibody Technology
NCT00586924,MedImmune
NCT06448013,Kura Oncology
NCT06254495,Seagen
NCT06186986,Takeda
NCT06120504,Seagen
NCT05442554,Takeda
NCT05414500,Kyowa Kirin
NCT05414500,Seagen
NCT05357794,Seagen
NCT05316246,BeiGene
NCT05316246,Takeda
NCT04849910,Vor Biopharma
NCT01156753,Celldex
NCT04070768,AbbVie
NCT04070768,Pfizer
NCT00704158,CuraGen Corporation
NCT03727750,Pfizer
NCT03671018,Roche
NCT03587844,Seagen
NCT00412828,CuraGen Corporation
NCT03374332,Pfizer
NCT03264131,Seagen
NCT03222492,Immune Tolerance Network (ITN)
NCT03222492,PPD
NCT03222492,Seagen
NCT03217643,Takeda
NCT05834296,Alzamend Neuro
NCT05834296,"bioRASI, LLC"
NCT02939014,Takeda
NCT02611323,Roche
NCT02280785,Millennium
NCT02280785,Samsung Medical Center
NCT02164006,"TG Therapeutics, Inc"
NCT01851200,Millennium
NCT01700751,Seagen
NCT01691898,Genentech
NCT01596218,Seagen
NCT01578967,Seagen
NCT01508312,Seagen
NCT01492088,Millennium
NCT01352520,Seagen
NCT01290549,Genentech
NCT01209130,Genentech
NCT00962767,Pfizer
NCT00962767,WYETH
NCT00860639,Chugai
NCT00304447,Pfizer
NCT00304447,WYETH
NCT00233909,Kanisa
NCT00003673,Pfizer
NCT00003131,Pfizer
NCT00079755,Seagen
NCT00017589,Genta
NCT00044733,Pfizer
NCT00044733,WYETH
NCT00037583,Pfizer
NCT00037583,WYETH
NCT05687032,Pfizer
NCT04553770,DAIICHI SANKYO
NCT04553770,Translational Research in Oncology
NCT03983954,AstraZeneca
NCT03983954,NeoTX Therapeutics Ltd
NCT00346385,IMMUNOGEN
NCT00346255,IMMUNOGEN
NCT00065429,IMMUNOGEN
NCT01363297,Pfizer
NCT01363297,UCB Pharma
NCT00868608,Pfizer
NCT00868608,UCB Pharma
NCT00717925,Pfizer
NCT00717925,WYETH
NCT06155383,RemeGen
NCT00073749,Pfizer
NCT05089734,GILEAD
NCT05006794,GILEAD
NCT01134575,Pfizer
NCT01134575,WYETH
NCT00867087,Pfizer
NCT00867087,UCB Pharma
NCT00724971,Pfizer
NCT06221748,RemeGen
NCT06081244,GILEAD
NCT06081244,Merck Sharp & Dohme
NCT00299494,Pfizer
NCT00299494,UCB Pharma
NCT05675579,GILEAD
NCT05480384,AstraZeneca
NCT02590263,AbbVie
NCT05186974,GILEAD
NCT05186974,Merck Sharp & Dohme
NCT04863885,Bristol Myers Squibb
NCT04863885,GILEAD
NCT04794699,IDEAYA
NCT01800695,AbbVie
NCT04527991,GILEAD
NCT04468061,GILEAD
NCT04468061,Merck Sharp & Dohme
NCT04448886,GILEAD
NCT04448886,Merck Sharp & Dohme
NCT04230109,GILEAD
NCT06467357,AstraZeneca
NCT06467357,DAIICHI SANKYO
NCT03533283,Roche
NCT03310957,Merck Sharp & Dohme
NCT03310957,Seagen
NCT00132379,Active Biotech AB
NCT02696642,Bayer
NCT05417594,AstraZeneca
NCT02610140,Bayer
NCT02610140,IMMUNOGEN
NCT04880863,NeoTX Therapeutics Ltd
NCT04880863,Translational Drug Development
NCT04609566,Merck Sharp & Dohme
NCT04609566,Seagen
NCT04539938,Seagen
NCT01609556,IMMUNOGEN
NCT02729896,Roche
NCT02684292,Merck Sharp & Dohme
NCT02600897,Roche
NCT02581631,Bristol Myers Squibb
NCT02581631,Seagen
NCT05171647,Roche
NCT05097599,GILEAD
NCT05097599,Merck Sharp & Dohme
NCT05097599,Pfizer
NCT05097599,Strata Oncology
NCT02429375,MethylGene
NCT04958785,GILEAD
NCT02086604,Celgene
NCT02086604,Seagen
NCT04733118,MedSIR
NCT04733118,Roche
NCT04622319,AstraZeneca
NCT04622319,DAIICHI SANKYO
NCT04622319,NSABP Foundation
NCT04404283,Seagen
NCT04182204,Roche
NCT03742102,AstraZeneca
NCT06324357,Boehringer Ingelheim
NCT06313086,CSPC Pharmaceutical Group
NCT06126640,Jiangsu HengRui Medicine
NCT05904106,AbbVie
NCT05840211,GILEAD
NCT05650879,Enliven
NCT05633654,Alliance Foundation Trials
NCT05633654,GILEAD
NCT05633654,NSABP Foundation
NCT05593094,Suzhou Zanrong Pharma
NCT05415215,Roche
NCT05382299,GILEAD
NCT05274048,"Puma Biotechnology, Inc"
NCT02639091,Bayer
NCT02467946,Millennium
NCT02467946,Takeda
NCT04893109,Genentech
NCT01565200,Roche
NCT03901339,GILEAD
NCT03547973,GILEAD
NCT03547973,"Merck KGaA, Darmstadt, Germany"
NCT00932373,Genentech
NCT00928330,Genentech
NCT03153163,Roche
NCT03102320,Bayer
NCT03102320,IMMUNOGEN
NCT03102320,MorphoSys AG
NCT02999672,Roche
NCT02675829,Genentech
NCT02658734,Roche
NCT02616965,Celgene
NCT02616965,Seagen
NCT02574455,GILEAD
NCT02420873,IMMUNOGEN
NCT02390427,Genentech
NCT02289833,Roche
NCT02254018,Boehringer Ingelheim
NCT02254005,Boehringer Ingelheim
NCT02131064,Roche
NCT01904903,Genentech
NCT04379596,AstraZeneca
NCT04379596,DAIICHI SANKYO
NCT01772472,NSABP Foundation
NCT01772472,Roche
NCT01702571,Roche
NCT01513083,Roche
NCT01419197,Roche
NCT06486441,GILEAD
NCT06486441,GOG Foundation
NCT01196052,Roche
NCT01120184,Genentech
NCT01120184,Roche
NCT03552471,Clovis Oncology
NCT03552471,IMMUNOGEN
NCT00991562,IMMUNOGEN
NCT00951665,Genentech
NCT00943670,Genentech
NCT00934856,Roche
NCT00882102,Eisai
NCT00875979,Roche
NCT03334617,AstraZeneca
NCT00766116,Celgene
NCT00766116,Pfizer
NCT00679341,Roche
NCT00679211,Genentech
NCT00509769,Genentech
NCT03032107,Merck Sharp & Dohme
NCT02927769,Bristol Myers Squibb
NCT02927769,Seagen
NCT04873362,Roche
NCT04740918,Roche
NCT05673928,Genentech
NCT05673928,Seagen
NCT02924883,Roche
NCT05323955,Seagen
NCT02751918,Bayer
NCT05183035,AbbVie
NCT05183035,EuPAL
NCT05183035,Genentech
NCT05183035,Roche
NCT05048797,AstraZeneca
NCT05048797,DAIICHI SANKYO
NCT04833114,GWT-TUD GmbH
NCT04833114,Roche
NCT04457596,Alliance Foundation Trials
NCT04457596,Seagen
NCT01976169,Pfizer
NCT01562990,Pfizer
NCT06389006,RemeGen
NCT06100705,Dendreon
NCT00781612,Genentech
NCT00781612,Roche
NCT05382286,GILEAD
NCT05382286,Merck Sharp & Dohme
NCT02686346,Millennium
NCT00037596,Pfizer
NCT00037596,WYETH
NCT03869190,Astellas
NCT03869190,GILEAD
NCT03869190,Roche
NCT02505269,Seagen
NCT04704934,AstraZeneca
NCT04704934,DAIICHI SANKYO
NCT04274426,AGO Research
NCT05922904,Merck Sharp & Dohme
NCT05922904,Seagen
NCT03839446,Pfizer
NCT05633667,Arcus
NCT05633667,GILEAD
NCT05558124,Jazz Pharmaceuticals
NCT04685616,Seagen
NCT04685616,Takeda
NCT02314481,Roche
NCT03084939,Roche
NCT02979522,Takeda
NCT05016947,AbbVie
NCT04632992,Genentech
NCT04589845,Roche
NCT02292979,Millennium
NCT04385290,Novartis
NCT04385290,Pfizer
NCT01868451,Seagen
NCT02257567,Roche
NCT01534078,Seagen
NCT01494662,"Puma Biotechnology, Inc"
NCT05404945,Merck Sharp & Dohme
NCT00829166,Roche
NCT05113251,AstraZeneca
NCT05113251,DAIICHI SANKYO
NCT04341181,GlaxoSmithKline
NCT04341181,Pfizer
NCT04341181,Roche
NCT03646123,Bristol Myers Squibb
NCT03646123,Seagen
NCT03061812,AbbVie
NCT06377566,Seagen
NCT04844866,ICON plc
NCT04844866,Miltenyi Biomedicine GmbH
NCT03726879,Chugai
NCT03726879,Roche
NCT01578499,Millennium
NCT01578499,Seagen
NCT05498220,Genentech
NCT03274492,Roche
NCT02605915,Roche
NCT06047080,Roche
NCT01564784,Pfizer
NCT01564784,UCB Pharma
NCT04790903,Roche
NCT04594798,Genentech
NCT01966471,Roche
NCT05673785,Takeda
NCT05180097,Merck Sharp & Dohme
NCT05180097,Seagen
NCT04679012,Genentech
NCT04569032,Seagen
NCT01992653,Genentech
NCT02824042,Bayer
NCT02734771,Seagen
NCT05955261,AbbVie
NCT03677141,Roche
NCT03971409,Array BioPharma
NCT03971409,GILEAD
NCT03971409,Pfizer
NCT01920932,Seagen
NCT04914741,Roche
NCT04884035,Celgene
NCT03467373,Roche
NCT03755804,Seagen
NCT03755804,Teva
NCT03424005,GILEAD
NCT03424005,Roche
NCT03424005,Seagen
NCT01679119,Pfizer
NCT03991884,Pfizer
NCT02243436,Millennium
NCT05283720,AbbVie
NCT05283720,Genmab
NCT04486352,Alliance Foundation Trials
NCT04486352,Eli Lilly
NCT04486352,Genentech
NCT04486352,Pfizer
NCT01055496,Pfizer
NCT01055496,UCB Pharma
NCT04307576,Amgen
NCT04307576,NordForsk
NCT04307576,Nova Laboratories Limited
NCT04307576,Pfizer
NCT04307576,Servier
NCT04931342,GOG Foundation
NCT04931342,Roche
NCT03962465,Pfizer
NCT03337698,Roche
NCT03913559,Pfizer
CTIS2023-508832-68-00,Genmab
NL-OMON56595,Amsterdam UMC
PER-062-22,AstraZeneca
EUCTR2022-002680-30-DE,AstraZeneca
EUCTR2022-000776-19-PL,AstraZeneca
CTRI/2022/05/042713,GlaxoSmithKline
EUCTR2021-005223-21-IT,AstraZeneca
EUCTR2021-005873-25-ES,SOTIO Bio
EUCTR2020-005620-12-ES,AstraZeneca
EUCTR2019-004531-22-PL,AstraZeneca
NCT04928846,AbbVie
EUCTR2020-001574-29-BE,AstraZeneca
EUCTR2020-003427-42-NL,DAIICHI SANKYO
NCT04697628,Seagen
EUCTR2020-003427-42-FR,DAIICHI SANKYO
EUCTR2020-005182-14-FR,Alligator Bioscience AB
EUCTR2019-004531-22-FR,AstraZeneca
NCT04656652,DAIICHI SANKYO
EUCTR2020-001574-29-PL,AstraZeneca
ACTRN12620000773932,Arterica
NCT04484142,DAIICHI SANKYO
ACTRN12620000592943,Conjugate Light (Australia) Pty Ltd
EUCTR2019-001655-39-ES,Genmab
NCT04146610,CSPC Pharmaceutical Group
EUCTR2019-001219-22-IE,Seagen
EUCTR2019-001219-22-ES,Seagen
EUCTR2019-001512-34-BE,DAIICHI SANKYO
NCT03859752,Open Innovation Partners
EUCTR2018-002816-29-DE,GlaxoSmithKline
EUCTR2018-000764-29-PL,AstraZeneca
NCT03763370,GlaxoSmithKline
EUCTR2017-004758-40-DK,Genmab
EUCTR2018-000764-29-GB,AstraZeneca
EUCTR2018-001772-38-IE,AbbVie
EUCTR2018-001772-38-HU,AbbVie
EUCTR2018-000221-31-CZ,DAIICHI SANKYO
EUCTR2018-000221-31-BE,DAIICHI SANKYO
NCT03539536,AbbVie
EUCTR2017-004810-25-DE,GlaxoSmithKline
JPRN-jRCT2080223860,DAIICHI SANKYO
EUCTR2017-003413-25-IT,Genmab
NCT03485209,Seagen
EUCTR2017-003413-25-DE,Genmab
EUCTR2017-003413-25-DK,Genmab
EUCTR2017-003413-25-CZ,Genmab
EUCTR2016-004743-37-BE,Genmab
EUCTR2015-001120-29-DK,Genmab
NCT02379741,Alligator Bioscience AB
NCT02341625,Bristol Myers Squibb
NCT02312037,Pfizer
EUCTR2013-001074-15-GB,Genmab
EUCTR2010-020729-42-PL,Helix BioPharma
NCT00077493,MedImmune
NCT00051584,Seagen
NCT00028483,Seagen
NCT00002163,GlaxoSmithKline